-- phpMyAdmin SQL Dump
-- version 4.7.7
-- https://www.phpmyadmin.net/
--
-- Host: localhost:3306
-- Generation Time: Apr 24, 2020 at 04:20 AM
-- Server version: 5.7.23-23
-- PHP Version: 5.6.30

SET SQL_MODE = "NO_AUTO_VALUE_ON_ZERO";
SET AUTOCOMMIT = 0;
START TRANSACTION;
SET time_zone = "+00:00";


/*!40101 SET @OLD_CHARACTER_SET_CLIENT=@@CHARACTER_SET_CLIENT */;
/*!40101 SET @OLD_CHARACTER_SET_RESULTS=@@CHARACTER_SET_RESULTS */;
/*!40101 SET @OLD_COLLATION_CONNECTION=@@COLLATION_CONNECTION */;
/*!40101 SET NAMES utf8mb4 */;

--
-- Database: `nurmaan_induction`
--

-- --------------------------------------------------------

--
-- Table structure for table `equation`
--

CREATE TABLE `equation` (
  `id` int(11) NOT NULL,
  `name` text NOT NULL,
  `result` int(6) NOT NULL
) ENGINE=InnoDB DEFAULT CHARSET=latin1;

--
-- Dumping data for table `equation`
--

INSERT INTO `equation` (`id`, `name`, `result`) VALUES
(1, 'a2 - 18a - 115 = 0. Find the positive value of a', 23),
(2, 'p + q = 45 and 2p + 3q = 94. Find p.', 41),
(3, 'multiply a by p. The result is equal to b', 943),
(4, 'Multiply b by 10, then subtract 4204 from it. The result is equal to c.', 5226),
(5, 'Z is the number of campuses middlesex has divided by 2.D is equal to c divided by z. Find d.', 2613),
(6, 'f2 - f - 90 = 0. Find the positive value of f.', 10),
(7, 'Add 175 to f. The value is g.', 185),
(8, 'Multiply g by 12. The value is h.', 2220),
(9, 'x is equal to d plus h. Find x.', 4833),
(10, 'Add the year Mauritius got its independence to x. This give you the secret code.', 6801);

-- --------------------------------------------------------

--
-- Table structure for table `image`
--

CREATE TABLE `image` (
  `id` int(11) NOT NULL,
  `name` varchar(100) NOT NULL,
  `tbl` varchar(50) NOT NULL,
  `tblID` int(11) NOT NULL
) ENGINE=InnoDB DEFAULT CHARSET=latin1;

--
-- Dumping data for table `image`
--

INSERT INTO `image` (`id`, `name`, `tbl`, `tblID`) VALUES
(1, '831367837', 'stage', 1),
(2, '1687828524', 'stage', 1),
(3, '508392592', 'stage', 2),
(4, '657693865', 'stage', 2),
(5, '1834114898', 'stage', 3),
(6, '109084472', 'stage', 4),
(7, '222301069', 'stage', 5),
(8, '1118513014', 'stage', 6),
(9, '843241554', 'stage', 6),
(10, '1057799531', 'stage', 7),
(11, '494925879', 'stage', 8),
(12, '1055454424', 'stage', 9),
(13, '1002682228', 'stage', 10);

-- --------------------------------------------------------

--
-- Table structure for table `stage`
--

CREATE TABLE `stage` (
  `id` int(11) NOT NULL,
  `hint` text NOT NULL,
  `location` varchar(100) NOT NULL,
  `stageID` varchar(100) NOT NULL
) ENGINE=InnoDB DEFAULT CHARSET=latin1;

--
-- Dumping data for table `stage`
--

INSERT INTO `stage` (`id`, `hint`, `location`, `stageID`) VALUES
(1, 'Mix and mingle. Let\'s have fun', 'student house', '43O2fMx6e6ch6X2hickA1YUAQwIiaAwbaM89wKkcOEIeuYcbYDNR2G5nHf5nZ5Op1BqcUpDjiDjNIHNq5EKCaFG4slV6a1D6oqP3'),
(2, 'Where silence is key..', 'library', 'WVR0Yq2mUvPEEw7CjAHjKWGq6MDHgcBLWxMGpax3KXNvEb7aRll5M29HaY8kBx2hm531pEEPgxuSQSHAQcQG3KiDqgeQqh4BwhFp'),
(3, 'What\'s next after uni?', 'Employability Office', 'dbO3SVY3KwT4fXMtt6YVdNDjyDZMKhc6H2UmEjXuLYZkTj0ezLscziIz6pnd1KzxGJB6nK0VOjO7Lk5SXno06ZR8oAV4vnDhC4qX'),
(4, 'The region the first MDX Campus is located at', 'Hendon/Enfield Building', 'ozO5g04LxlJ8WqUrWzH9LXTElcdBoxss377qDyhYncuPUGncYDoOCZeprpxhW3E0tXfCMihpEmRWE9wJa5DhnWwK5SyAy4nXNRgA'),
(5, 'Smart contracts. Collected your receipts', 'Finance Office', '17bP7x7YTp4xTvPA7SVpSMcY4f8SDZ9EMDZzv1pcxDdszSGhyqhXUBpPAd13n31IDQ0ktRuVnTNlaCCz45Zj7YErBpyB2IJDbzj4'),
(6, 'Where you attend to your academic issues', 'student office', 'yB37ZOc2i6cdq3UhX6HpHCYMFs7iGSiCg8eRGfXuBmbKQ11VlHfyg6pz1V4efoVmw5l7uQikqI3TSN3uUhvnvikzHMWiBmpPzV2Q'),
(7, 'Unihub', 'bounds green', 'CUKozhs5PfUHZpoZK6fo5IVxjfmMOHI63FKZ5J5zXWMmHRFi5m4sRzxLzVlyaDrNh9HTOYvEV1DzZr9hOuIKlAa2FvTxslppY6cC'),
(8, 'Responsible for student recruitment and advertising', 'Marketing Office', '12ymA4OtP97ZMZd2by5bndLSoSU3mLrXRHN8LRhRLaO9nkIsaxQ476IaPHtvmTSHkF3yATyR9ellc6PTpFjVrXO2aAFpgDVfxvEA'),
(9, 'Sorry i am latte!', 'Coffee Pod', 'SfBKBz5U4S1eVH9arDizpPbDjNCSzR7PIEF1poklnYJrw7lLJnvTzmcdZXrdKfKtFSIFCxoJUTrqHZJ5UjwuAWW2nWSzgEOr63XA'),
(10, 'Extra curricular activities', 'student services', '6jUs5zFpRvipMZhLcOZ5NlaHlmdunJgCKQMQozyUpSff2TA67MUEaUNzNk4516pZI6kSsgbS1z2klNmkElpIrIgvCmuqTTGXPwpK');

-- --------------------------------------------------------

--
-- Table structure for table `stageorder`
--

CREATE TABLE `stageorder` (
  `id` int(11) NOT NULL,
  `teamID` int(11) NOT NULL,
  `stageID` int(11) NOT NULL,
  `password` varchar(10) NOT NULL
) ENGINE=InnoDB DEFAULT CHARSET=latin1;

--
-- Dumping data for table `stageorder`
--

INSERT INTO `stageorder` (`id`, `teamID`, `stageID`, `password`) VALUES
(261, 1, 10, 'd96I0'),
(262, 1, 8, 'xgxFl'),
(263, 1, 9, '8B0GA'),
(264, 1, 7, 'QwuUY'),
(265, 1, 5, '2tmgC'),
(266, 1, 4, 'Ze6NK'),
(267, 1, 3, 'DaxzP'),
(268, 1, 6, 'c0axl'),
(269, 1, 2, 'hwUnG'),
(270, 1, 1, '7Jt7m'),
(271, 2, 7, '0jloX'),
(272, 2, 6, 'Fv1Dp'),
(273, 2, 5, 'IZtyB'),
(274, 2, 8, 'q4NKz'),
(275, 2, 4, 'RmoCH'),
(276, 2, 1, 'VKYbJ'),
(277, 2, 9, 'MzxVZ'),
(278, 2, 3, 'yHQub'),
(279, 2, 10, 'ylKgZ'),
(280, 2, 2, '68MpJ'),
(281, 3, 8, 'ub2G9'),
(282, 3, 5, 'a8iaC'),
(283, 3, 1, '4M16n'),
(284, 3, 3, 'rAvoL'),
(285, 3, 2, 's9kNB'),
(286, 3, 9, 'pw7UX'),
(287, 3, 6, 'ZJTdT'),
(288, 3, 4, 'vQKzf'),
(289, 3, 7, 'vqzHE'),
(290, 3, 10, 'wrzrP'),
(291, 4, 3, 'fUzpm'),
(292, 4, 9, 'ZNIZs'),
(293, 4, 4, 'EvD3S'),
(294, 4, 5, 'vhJoA'),
(295, 4, 6, 'p4syQ'),
(296, 4, 7, '2QFsK'),
(297, 4, 10, 'IhLBm'),
(298, 4, 8, 'OCVe2'),
(299, 4, 2, 'cxYnn'),
(300, 4, 1, 'hjD3V'),
(301, 5, 6, 'YMvf7'),
(302, 5, 1, 'hK2wf'),
(303, 5, 3, 'fO4GC'),
(304, 5, 5, 'qcHKS'),
(305, 5, 7, 'baAcO'),
(306, 5, 4, 'a3OV4'),
(307, 5, 8, 'g53RM'),
(308, 5, 9, 'O9uCN'),
(309, 5, 10, '6JPcy'),
(310, 5, 2, 'Y3PlW'),
(311, 6, 9, 'kiJx4'),
(312, 6, 3, 'swakU'),
(313, 6, 7, '6hfLX'),
(314, 6, 10, '8XP7E'),
(315, 6, 4, 'YESOR'),
(316, 6, 5, 'RrrVh'),
(317, 6, 8, 'QZVmG'),
(318, 6, 1, 'iAkyd'),
(319, 6, 6, 'Zk9Om'),
(320, 6, 2, 'kFw50'),
(321, 7, 10, '2wtlC'),
(322, 7, 9, 'EqqtJ'),
(323, 7, 4, 'nkPbd'),
(324, 7, 7, 'OMnQ6'),
(325, 7, 3, 'LRc50'),
(326, 7, 6, 'ZO5wm'),
(327, 7, 2, 'ndGaJ'),
(328, 7, 5, 'yHQvb'),
(329, 7, 1, 'omlPf'),
(330, 7, 8, 'ys2mb'),
(331, 8, 9, 'ROuRC'),
(332, 8, 2, 'prYEE'),
(333, 8, 6, 'VQMgP'),
(334, 8, 4, 'MGRNV'),
(335, 8, 8, 'flvs0'),
(336, 8, 1, 'lyQar'),
(337, 8, 7, 'XQjl5'),
(338, 8, 5, '4A5EG'),
(339, 8, 3, '6dqZm'),
(340, 8, 10, '3nTwf'),
(341, 9, 6, 'OFhva'),
(342, 9, 7, 'dELw8'),
(343, 9, 10, 'DsDPw'),
(344, 9, 1, 'zTueH'),
(345, 9, 4, 'k8vYD'),
(346, 9, 8, 'b4iEy'),
(347, 9, 3, 'u6aDO'),
(348, 9, 9, 'ycLyl'),
(349, 9, 5, 'qfu3v'),
(350, 9, 2, 'neu9e'),
(351, 10, 10, 'GBRwQ'),
(352, 10, 4, 'CBUK7'),
(353, 10, 1, 'KW0Ax'),
(354, 10, 7, 'qQ0BF'),
(355, 10, 2, 'VB1VD'),
(356, 10, 3, '838Sh'),
(357, 10, 6, 'o5WQu'),
(358, 10, 5, 'nQiwT'),
(359, 10, 8, 'KJTsg'),
(360, 10, 9, 'Qcovw');

-- --------------------------------------------------------

--
-- Table structure for table `team`
--

CREATE TABLE `team` (
  `id` int(11) NOT NULL,
  `teamID` varchar(100) NOT NULL,
  `name` varchar(50) NOT NULL,
  `password` varchar(5) NOT NULL,
  `stage` int(2) NOT NULL DEFAULT '1',
  `time` double NOT NULL DEFAULT '0',
  `user` varchar(100) NOT NULL,
  `completed` varchar(100) NOT NULL DEFAULT 'no',
  `completeTime` double NOT NULL
) ENGINE=InnoDB DEFAULT CHARSET=latin1;

--
-- Dumping data for table `team`
--

INSERT INTO `team` (`id`, `teamID`, `name`, `password`, `stage`, `time`, `user`, `completed`, `completeTime`) VALUES
(1, 'ZQsvWivfeRjIQY66qwv8qk6OblL2O4AJpFcSxbgeON7s58T6iMIGKXxYOcZ1wE3nnXwzlyg6B9r2Yf6cEe9a97CZg2h0sgb44R6D', 'black river', 'jT81n', 7, 1569312012, 'Black River', 'no', 0),
(2, 'eirhmrycdijxZljMUsyTz60x0QeCkcUNayw5Ept1pMJ4aDdS6GIEpcOhW0gSMfTHENbEaJ8SwDcgsAaYVvJcbEIx1TM3s2JTzoHp', 'flacq', 'pd97l', 10, 1569311622, 'Brayen', 'no', 0),
(3, 'OgrwDGQxKDextIDq2nCxnk7OgkvpXtK4YErVlW7pToGxU8WCDsSuZcFMzBoItI7ebIonlZr353bjdiPY3JqsUVepO0RnRFnc1Ck0', 'grand port', 'Bx8tP', 10, 1569311348, 'Kiyash', 'no', 0),
(4, 'd1rFqfKPwUC90gpPJdaKe0LFNlgsmpkbWQ4MjoTe92JoNX1347gnHaj2lPsYoF5eJ2H0DCN8vZhWubhiiqkvZLWpRHltPTFUxwvl', 'moka', 'is450', 10, 1569311448, 'Chalisha', 'Chalisha ', 1569312314),
(5, 'aGNKYYaOJcQCvtQsrEWbDRDfmvf4s7tPTxn5OBS9OPBCJ2h3w5LEis0UsuiHjPDiqhj4NzYm2YCS0Tjy5GhtFKaUqkAd69dF4aJM', 'pamplemousses', 'PaaEZ', 10, 1569311611, 'Shauakat', 'no', 0),
(6, 'E00QKTDiIv5niR2F7VBk604iVmelhSP4bfuuN1GMRLVcaBnPBQ3hlDQLtn6B2ckdkkN0mHdNv4vvtagFlDyyqyR72dAxmxBj1NK4', 'plaines-wilhems', '83KYb', 9, 1569312431, 'Hakim', 'no', 0),
(7, 'C9ez4LVNGX7W3L3kwgqKPWCumHgMqTH5zhpnDd9RepdyPcdAKYiCEvPrycaCCHmkY1yZ5O1zcM268tha6gPaf7GVtvmVJLGdMK3J', 'port-louis', 'GZCfD', 10, 1569311398, 'Nab', 'no', 0),
(8, 'y2xcvaNCzfIGWet8WpU4AAZWUXYTVjfTUf1rj96IkO7S37k4SQKioIGWtJFAvTPU5dz1ugv7ia5V6JYtGzDiTYLwbHks4vfYccJG', 'riviere du rempart', '9qe1J', 10, 1569312022, 'Paul', 'no', 0),
(9, 'jICSXx6dLBd6KoijC6e5LG1Z8DqJmdRkCkfz7cP3vlMXpGd4VUbIVXQD2qJx6ZppR34iKw6r0y04t7lALvlsJ8z176Mb00smRvCY', 'savanne', 'zF63j', 10, 1569311846, 'SB2613', 'no', 0),
(10, 'p63Rs85pRo5zeVSKvQKmU3QhJbt0l1TicSZTIepXhrRYLpxkvWM9ScF5YmMECBYUkdIqxw7ao9ltOhVmAVVJicbZRMeZi4Jb5xTT', 'rodrigues', '6GE5l', 10, 1569311906, 'Somya', 'no', 0);

-- --------------------------------------------------------

--
-- Table structure for table `user`
--

CREATE TABLE `user` (
  `id` int(11) NOT NULL,
  `team` varchar(100) NOT NULL,
  `username` varchar(255) NOT NULL,
  `time` double NOT NULL,
  `userToken` varchar(100) NOT NULL,
  `valid` int(1) NOT NULL DEFAULT '1',
  `lastOnline` double NOT NULL,
  `invalidSince` double NOT NULL
) ENGINE=InnoDB DEFAULT CHARSET=latin1;

--
-- Dumping data for table `user`
--

INSERT INTO `user` (`id`, `team`, `username`, `time`, `userToken`, `valid`, `lastOnline`, `invalidSince`) VALUES
(2, '5', 'Shauakat', 1569309481, 'xmv1tQ6bsJLgadO6LW5IcN6d8lhvmDsAa2BSmot3BZcnO8I29bqRFxXu62ltG8XIN8EKrsQI1JmWqyKuJQV7CtOXk7tsIpyQnaMY', 1, 1569310485, 0),
(3, '4', 'Chalisha', 1569309663, 'rNL51n2WxPQh9PMkES1Qm794Pqwe58pM4Bu3ModyModSDvv1E3VD6j8GShSOsBIwH9pUqLMqH6v0L9GYszwjcrpjDYKLXBEZCW9k', 1, 1569309663, 0),
(4, '4', 'Chalisha', 1569309665, 'XnS053qHw0ecd4spAkjd4zkEcXaCrQrKxjXNTPhLfRc9g2Sn9GnknQa9P1jpPknj6cMNUOp7x8h5RpEG9PJjk9B8hEa2pXJPyTN9', 1, 1569309958, 0),
(5, '3', 'Hasnaa', 1569309773, 'DA7hFqB6g3G73P6xJCqYM5uqIHseHdVUZpNfljEtDcwDzYJIc6JyU9vUCrw053EnvUt9JiKFXzYvOJZ0LulEffXfN8p0sIrajzLs', 1, 1569309778, 0),
(6, '10', 'Lakshana', 1569309785, 'Jif3fbfeGLe0L3y8IzNoLZ45mUYYAw2xJ9SrZZUIvVDr5MEc2v0h4jLD9Q2HKhn1encc5VYuajoSPe6fuxrosY8V51D7QlPzEef4', 1, 1569309918, 0),
(7, '3', 'Fire', 1569309792, 'LN9L0rnaiS1tybfnkAeVqhy7XTdSKwULtz7b3xh1YLEIv9iCKFILQTcbtbQswIdHvWjcwf8Iw3NqBNxPXnhdzoQQpyYsoZvUEYEZ', 1, 1569309835, 0),
(8, '3', 'Marzi', 1569309862, 'psyIbIaU2o4IcEwgHShklQYHVUCIDizdaFdFdttvxZ9EbfhhFrB9uXv6HVaHcHsoHptswC7AzN0FQ2cgc2Sawv0bqX7EUM72x3NP', 1, 1569309866, 0),
(9, '3', 'Fire', 1569309881, 'X5lA2x2Tar9MK0EUT4PqTUH2mqjpc90ZaXRMJbjJyuN8UDBBirxECoxuEhNHDAxUSbZpD9okzRwWvE78Q28Ijjvg2xADXr0b0wuG', 1, 1569309917, 0),
(10, '3', 'Fire', 1569309976, 'VS2Ut7bMb7I0MNdEyybnPGV3XsZJ4qypVNzEVSSe0S0oojzBLHKvmuwi7jNUsOkmAUCx6rOfm3VzlMrcRzEz76CeksbXmOJ62UzV', 1, 1569310100, 0),
(11, '3', 'Fire', 1569309977, 'WZT4paAScD5t0it3biDm8Z685Fvd2fRocSKnQX5IgFi9ToCOkz0464esc4SOKnExvQh6nafFUfXQrvbVYG5EqBUDUmtvUVoAyTjl', 1, 1569310101, 0),
(12, '9', 'CP937', 1569309982, 'zq1zy5XmoiPRafzvyBucKoiVymIccI7uFKF9hjWBye2MeN2b6Ia6F7sfLjiCzUaxObf9HRk3lLelyQB5dWON73cDyvVbwcqgcdlm', 1, 1569309989, 0),
(13, '8', 'Bruno', 1569309983, '366q62LrOtkYVTnSZWgK8AWgkleIPXwmtFVTURcOEqUrkUfJCn41d9FdDhlV0rLrr43HZmN7Ca3rJsUbQspNRsdBXXEuray1j2OD', 1, 1569309983, 0),
(14, '8', 'Bruno', 1569309983, 'fiuq1y8bJ4nuRcLq2SX3Rtk9Gb9C5hfdPinFAlapAy2istS2zdYbC9cx8oJvs4xlVQv5XR147GKB14eZ1DDEj4vhfzDd0iGjiS3d', 1, 1569309994, 0),
(15, '9', 'MT1065', 1569310005, 'sar3ljIaQNgHNtOZFFR0tg1cvav2JIFqJUCrUQ24JpKOgKdhT4yB0iwFxzCIHbz8Rg1qN9Y21UEb1gpoSFnTbIt6zvKi2WOQKx20', 1, 1569310009, 0),
(16, '7', 'manoosh', 1569310012, 'Lwk6EUMsGzrH7cih8KqjPAfIO4SSMWztmWywy8d1AbMW5oS5CJqkmLsgGDlUNu9X2tNIz0TiC7Lz3GgMXRJZ3sKS7UzjmRB6et5e', 1, 1569310012, 0),
(17, '7', 'Nab', 1569310013, 'WLsCiHVlQwJ5alnJ40YH4TAiD2OS3pmdB0v4MtKDaIPhyHMGtm2AOrZkEn6Xh9V7TbjXlhfftyYXaphihUacyowMc1ZH4cC3z3f2', 1, 1569310017, 0),
(18, '7', 'manoosh', 1569310014, 'zZyOWGrWIBF3teZh5lnh19r4cmEEAHhchLmXVePbEcCYkgtcWRwWH64zMqmGjLujvgS8EL9Nvf3NK0t9PwA5cgb4W8aEmHPPUpKV', 1, 1569310014, 0),
(19, '3', 'N', 1569310015, 'E3agXKhsx0KjioSYWYrlqpcilkwaOITP4D5kF6nk1HUR6QRuNMk34wZMpYWVmPE7jfHArva0NPgqguBCSpCBFtQ27oRT8LIjDN8X', 1, 1569310356, 0),
(20, '7', 'Sanjana', 1569310015, 'Ny3kZeYv42HYvVBTIxICpyuD58bWU4OqxAUkXZpabqzLYmybo7RHdHvgPVxmDsmlWPiAeTUeQ6ZlCrT762GuBV5x87AGTWPryq1A', 1, 1569310019, 0),
(21, '7', 'manoosh', 1569310015, 'yksx2UOGhY1NfQuGcDGspASGE9v72G23XR0CWwMCJokAwCC4CZHQBRliBPqxB9Qi0smlBiSaTcAQhbWljDdHgN8gnzf7uUw3Oa0w', 1, 1569310020, 0),
(22, '7', 'Nadhiira', 1569310016, 'KbYqSQR5eXSdnJz3mWLwojet1ZhMUZvpY5jm9RwHlcdBrlwaE2XDOgSCUyFnpSWooTC7J0B2EdgIYUq0XABmh2EznYf8KN0hjdqY', 1, 1569310020, 0),
(23, '3', 'Le', 1569310017, 'G15O7Zsd42jjSH4kRQs8PogmPVmkNMZdPeOtazVixegMwSMxImKSPqZW14TWjKsDenOTpgj30rW1vVdASs8V5Oufo6TiLmihbRFV', 1, 1569310320, 0),
(24, '7', 'Haadiyah', 1569310023, 'HiTm9QRkJJApLHIrHgQ51Y04NmLMR9I8iUmale1ynO06oKPAyCohO6CvGpP0Wo8dvzqfeVNnWnY3wj0eprJfon0lSKtUicYXzqov', 1, 1569310036, 0),
(25, '7', 'Kejay', 1569310025, 'TlNpD5dyK9UCNeO2rS9NCiIp4v3936EVCeO4inw3t6pjoQ7DeVov2Atk5a3TbyW81eNXn7KEcRFZxgbprvqP7X0kka3C2GNd0DD6', 1, 1569310327, 0),
(26, '7', 'Zainab L', 1569310027, 'mXGnoeUlR88UjGZp0mrRVu3gDlbjQNQHO3cSnFzkvfA3VpWlTBDVlu54WPc8MpuKoV1O9VVzPHvjjuvhGzxXVEmmeKTJY8hpfyMD', 1, 1569310027, 0),
(27, '7', 'Shil', 1569310027, 'deElELSNAVWcddakC4jPuaXIqVWTJKdRnh4l8gRkdYrX2X43hTtqg6lnOrO2w7176TnrvvjgvqdZEwdAzMq3hYM2iYtewsjzm5aD', 1, 1569310494, 0),
(28, '7', 'Zainab L', 1569310029, 's9naGx7n6jae0t7xNnXpsNX9g8VfYhnmmt2YMi5WU4eQuG2J1r258hZoyRUOUVS0Hk1gn9vVbp8zypBXrGAQ2qY7h5RDUJXcYeMg', 1, 1569310035, 0),
(29, '7', 'Zainab', 1569310044, 'tbMV31Yvr2UZ4fH3ELnCfY0XmQnmYvvKkC7t92LYQUkEBudou2LyjEGvT6Xgynx0ZvplVjCMdF8Vf6bTEkYE0MzjJnkLhlHO44XQ', 1, 1569310050, 0),
(30, '4', 'Chalisha', 1569310046, 'dm6t3RVgQuoEmIRL90NfaGufsR9F3gdHJYtuhboMElrRZm62i4lTIw9yQK4bNeVp1nQ2JlyL1mErrynSrnq7yX6c3EwfZQ6aVaFn', 1, 1569310080, 0),
(31, '10', 'Somya', 1569310050, 'FCnRBUVMIDTpL9vR38Q6Bcwb0hPGMm7isz8r3VOIufVG4kaT9bj0xD7NtZ1jAwnGnxWSJ3pCLnsPoen1ASLrWwDWQsCU55I6QiEv', 1, 1569310060, 0),
(32, '7', 'Rima', 1569310051, 'rb20fHe3NUy0WJO7JLnSPQ8tbD31OMWcP1NEH3zPjrewUi2gH27aJfFLCOLRPY4DhwLFixsEoe8W3ZECHa1x4PB0IFDy79JvxLAD', 1, 1569310093, 0),
(33, '9', 'DR631', 1569310054, 'xi36jTcnRqLObKxKIMoTcNi5d68k2juiKMxVbC1BygbNupvjAl9pKV2NSy15ap06xjTb7oNBnSTDoy8wfjO1L3FRg0wFtVpwF4XN', 1, 1569310079, 0),
(34, '7', 'Kyle', 1569310054, 'POI0NmYtI72720kXztBGsBEXTDzNnZspg6li7MWDztEKqTGARLk928MxHPy6HtUboHP9ki95QXuGcM88MDg9oxExvu0aayai3pg7', 1, 1569310402, 0),
(35, '7', 'Yoakim', 1569310059, 'yH8ez71s9ezaQLGAlo7ce9poWER7t82nGp6e11GGJ2mQniZ24PjPTERCzfpPu7xkotmXewhtNf9wd8YsO7RjLZooB8USkLgkuhS2', 1, 1569310096, 0),
(36, '7', 'Kat-Man', 1569310059, 'CBAh1WJOyV9aO5yinVFEcD5oFSQOe3gLdxmEpbLp67GVC4Zq3QXNrP1OUwlCxX1Eyxbz65zJIzdUWnt1zVt7syDVTXx8ABAUHlEk', 1, 1569310078, 0),
(37, '7', 'T\'Challa', 1569310064, '6g8mvsguwXEkRB9ee0AgfQejcQny60Rj4oQ4zS46HwcqhtabGR46xK1324SJbElt1aqfHHKHKfVRPTLcw8SvFdcjgSnylvTfcsFp', 1, 1569310186, 0),
(38, '9', 'DD766', 1569310067, 'CJDwm8zIc9WMeuTMVNsOlVyvTdnZ4onMiifymXsRUzWDJ7QcYa2Gw8hycPBg6iV7MMNUrurwPpKG1DLHptYoFTbnhccN4Br6hIF9', 1, 1569310076, 0),
(39, '9', 'NA1294', 1569310073, 'e0fPQSfN497nZBpVAXeYJNPNomNGkuPg9P9Tn0ZoDxrohjWcTAZlEzaSUIXknz3a2p6T9tkFjsUrf2rMu3Zl0Hkt6OtmO84q9pGl', 1, 1569310089, 0),
(40, '7', 'Nala', 1569310074, 'lsryGYcp1mHgENmsBcdf4N8ovvzSbSipdqM83SFWEuJIOZddgZVhWypgvSTMcxUDRa3Lft5uAj1bh20G1MJkYV0VkAnje32npUJG', 1, 1569310200, 0),
(41, '3', 'S', 1569310080, 'oaxbJBX5IEh7UAYp2FlA9IrHHJnIa24gulX0AVRsDZnS12hgXgJ7XqmkUlH1iJToecgI0Q3ZezAk8mevrampXYzLcQlhgpCxrIxz', 1, 1569310085, 0),
(42, '9', 'NB995', 1569310083, 'g8ImbYoXKZVBq3IJWCamlker08XENoiBsJf462JjLMKzQ8jp7og1XiekuyC9j9va2ptzXEoyCJYgqnnK9tINa3Q38vgfiPSG2EEX', 1, 1569310083, 0),
(43, '9', 'NB995', 1569310085, 'i6KvENG1HlgbniUzeYK2YGLAisEsUcg7CiXzN9Rh6wsDYTtMkMtPnj9Cejt4QtKM0VOefkRg1ThIVIq6DPdAuiGPUG6ZcHNgxsxx', 1, 1569310107, 0),
(44, '9', 'VC360', 1569310086, 'F5QBYz2Jdx5FNU4RLGrdh3t0aDp96Vc9nwDy7JKA8jbagwjCIR23Vh7IpQLNI6ycFWwDjwHaBdwoNNJB58lZebtkXURx4k4rfJw8', 1, 1569310086, 0),
(45, '8', 'RDR', 1569310087, 'Tzf4G8KS7lcGIzvDFXPScTElT75tGeJ4inGUTVaS20YKnFkIDIJ3ZywkZioNMmPC83OkFrCgycTCGxXtQJ0Ncno0oiU00fjZaJYg', 1, 1569310087, 0),
(46, '9', 'Morgane', 1569310087, '9ndbcdkYvbUpytIYdtco4UXH2hKwKXY69GtmVlArW2Jh7FOo66wbjdDrlr615wDOmmmSXPyDb96EkolzdI15aNWhppJGbyqSLuxJ', 1, 1569310106, 0),
(47, '9', 'CB1418', 1569310087, 'EOg3qbrtdgGroknupQAWQa23rqKMSsxmALIc9HAptWAK3WVV8TKWqwsKKDZGqkGnuguPhd2i5bdwbTSrrwfZAPB62a7zvwsQ2Ase', 1, 1569310087, 0),
(48, '9', 'BP432', 1569310088, 'I5zx3j9MWUIbBlEIg9TkZfGmlneGpKnpDEUCbdVggZLtfuuIvgG085jUaz5jevqCEPQfpovw4KavF4ScCtUbkzaYvYp5Ymi3M7ac', 1, 1569310088, 0),
(49, '7', 'Fifu', 1569310090, 'bsHssywHvf6edkdZXl9SZ0r1tAbiUuZlYBbXEoeAoeobKsCy7Ny0q31p2qbIfPi8wn093d65fvAYVH0ae226Kxq6Ng5jEauCKNhD', 1, 1569310290, 0),
(50, '9', 'BP432', 1569310091, 'xDqO4ltnzbqI3UckHFwcL7e4vVcyJtQORWPV4wTOJcNZCjv9yk8xtMAWcXGvSM0DIpmmBLXhQ8CCORgKmim5mv7J2Sc2YHQkhWbD', 1, 1569310099, 0),
(51, '9', 'VA359', 1569310091, 'GI05IcAjNzFHXEBJF7NJwRlZe6H0qEpri5B88Vx4rbsXW1ja6a70Pc9oIA15VgjJiRuvhPGSweUYrugNEtTPyzJOqXKriawuPVFL', 1, 1569310091, 0),
(52, '7', 'Kiara ', 1569310091, 'TzXsBYw1sqg9g8z3bFboYPRqGQ5zM4bJpby1xBUmdTzCRJIsu4d6f1HB2PdnxO4kyN0rACIzroqDF7k3rOPpgCvm2HyErjEE8yeN', 1, 1569310113, 0),
(53, '9', 'OR125', 1569310093, 'YUvR9tppDNR7vS9jB76xb6lshssNqJRcabkxwTkxhTib0cxsDycCZNZtLepwjfR9l93s9khCuePMMy99eKUmzOnueykskUk3mxw4', 1, 1569310115, 0),
(54, '9', 'CL1179', 1569310105, 'Rnf5f34w8fIuJdf38Kd0Z5UW477TBBkYEaFGqgQ3LwIzpdVz4D60l22Kyh4YWnJNdRo21q3Aj8onZ2EVcbRay58Eb0FW5ZotEfhp', 1, 1569310326, 0),
(55, '9', 'M00738177', 1569310109, 'm2m2frZYt4FMHhRUvGNH7tboolvzJl2e5eZTxK1seQ2J2p4cQPMlv9ZwLf8UKdnNpu7YxclmLXRuXk7oS7XPYwokm3xONPgkNyZk', 1, 1569310109, 0),
(56, '9', 'M00738177', 1569310111, 's5TjQ9ZwSgnBrrnrIaYzgpvNN2sWZkmehRXaofbz3zCfT0SVKjCBJq4U7cTDexYpo0K3O6SyNpdLAjWalbuOWtMAvLgSrqybrJQB', 1, 1569310119, 0),
(57, '4', 'Chalisha', 1569310112, '2D4GUg3yyqL1NbtjZ59G0QWMfiq3qb3JiBvPErdXPkSk2regnkD36TJKZvde4XGJgaAj5DgZrfH9ShkgMwHYqEP39ptygwYLtI2T', 1, 1569310131, 0),
(58, '9', 'SB2613', 1569310115, 'fgAmS6Ye27I1b8GXRhfyEkMCaVF1ZsCKebYq0OgQAr1LGbQDDBcpPLSO8ZuGeHy8t2p0Xim9NUnUbG5Q3MFQfE9MZetZ608ZHaU8', 1, 1569310124, 0),
(59, '9', 'DR631', 1569310127, 'S2gKahICBu2IgOhcgDTKZyXdUo5H7t0VSuAEoDth4tVvFsRZPwFxjMyp1Xuu7tideDhtCWJfsKArcDNGUsU151kgtGpIG62xFMpL', 1, 1569310271, 0),
(60, '9', 'AN988', 1569310137, 'NCov4zyHJfDjX0c3hXYcmfLeIsfuHCkIG4LlhoRccSZCH0GOhQpU0HRIIT6OFRDpb9JJrK9J9Fyv5ire9H7FfpnTFWLeZR929ZLu', 1, 1569310298, 0),
(61, '8', 'RDR', 1569310139, '7oZVgHSxpq4URMmjyvZO4Aqy7Mrmv9BWlHpMnPXKf7JK2ErWcsx76iQPENva45kOdnD9fLLFIkVVS2rX7mkGkJNYOfpTzFCq0pTR', 1, 1569310327, 0),
(62, '4', 'Chalisha', 1569310166, 'bUdhnMyiOPUVk0V0sMHs13SvTZ4nzyQGygm5x0lT4Zvk5UsNg6LtjPazRhoOJHKCQ3WUy7Je8nImg8UUjIwH3N7zExNqJ8e17733', 1, 1569310363, 0),
(63, '6', 'Hakim', 1569310171, 'Lk39n4XuGsmsJJOvpZdjt9z7bx3FPR9IPpLNymn4GNOiZlqUyk1vuaclKCNaBOoEmdSAZzW4sO224SuN7QrHkClFtz9FClQnJLcG', 1, 1569310352, 0),
(64, '4', 'Chalisha', 1569310211, 'ZwcbqGv7oBQzc2IHgMRIZAZdRzX1F0anU2HI34RzlJh4TGVOZFGfDXiC14f2h1nmzxwp3AE8drJWUoGkbKBVWcid5XQoG4rDj0TU', 1, 1569310250, 0),
(65, '2', 'Kelvin', 1569310283, 'vmRBGsZCT99QHnhPucrWPeBO3QPmHLNYdwbZEjkqGY7Ah1Mu75zMiKF2afBkkfQjJ5mXHdUu5vWN9xFTXCVY7s6YVbXaQ8uTIdou', 1, 1569310289, 0),
(66, '2', 'Nabeel', 1569310284, 'teQLimnIv5zCJnqld7NeXz7SplVm9PqL0mK1cMjjEB6QMf3Iwo8DpivypPS9EUHngr2W7rncCgVUutpNk139JMrOqJcfQi1Lb9U5', 1, 1569310358, 0),
(67, '2', 'Brayen', 1569310285, 'gqhB15yakpUBDGtSfsmIlWFNMqaeGLVbw93GqbBENHxYjoVJ3X6vSq5ZY4owaGlMgJOmCY2RzeGisOS3p2PESksmxDBAaFdduzYy', 1, 1569310362, 0),
(68, '2', 'Farid', 1569310294, '7Fqju8stZBL5eUIdFLX3PC6UU4RtoH1iZg6gMceoOSHmExv5xED4RBQGFW7NEPIVFp5K4OjMoe2XrvDWbVLls3xbdDZnUSNYU4lx', 1, 1569310358, 0),
(69, '2', 'Fola', 1569310297, '0FCuGOXlasGz5HqxtVmpNn7EJfwk9wEkiUAaufLXFmS4p9fjPWyYLOq6hityoit7GtqpB6s1he4oVRITfpKhat7YApgtqcLdiSJN', 1, 1569310301, 0),
(70, '2', 'Anwuli', 1569310299, 'nZ50RzOIVdUOZeecByQCixhoJefOFk6nYjrvauv7Nue8ZRioyubObg02NYf9hdp0fndstR5d6ElLKhnfSoCLhKjHyE3xUDrAJZ2C', 1, 1569310321, 0),
(71, '2', 'Sammy305 ', 1569310299, 'Nb5Vs4mOAyn5gdX2qUT9ZjoIOxYIbgAg4PDWGox1hB8eSKMF8CG1U0Hnx7jfu0SENzifVy1Vqb8CiSnX4H2axJYH0wpyTDLZtyp0', 1, 1569310304, 0),
(72, '2', 'M00695069', 1569310300, 'QJBsgAK9jIdka2QUxjHx6QqHVzvcp16vziAbutmfPbvxFy3LNHKJborrAXkuS10Ylw8qYtRzVU517ZGefpNamhpFG6IKUK7Zgrnz', 1, 1569310305, 0),
(73, '2', 'Anwuli', 1569310303, 'jP4S8cvraNxPEtBNU4AGpCYD58Hb1cpimE1cmjNDGwQaOtZoY7HEGFi4yAI3rBJ5T8yNIy6LDc4nwSA6nFJm60JaoetL5mCKNZeb', 1, 1569310303, 0),
(74, '2', 'Chile', 1569310304, 'GWhQd5nqikXBfySceFMFPYAGpQ6PvYn30fUxFaeVBif9yzAmOJWKnmL70mkxdYfpwld8vuUMySkVlKHpPaNftosT83uJgIa74Wns', 1, 1569310379, 0),
(75, '2', 'Shane ', 1569310311, 'kMFkj4fxreeMflF0PAXqFp21lvuUvBgx8F6AwbISIoPG50KxeUSGerBCPfxTGkqgCbFLlCL04rP7Jf6VBLHJ3ttdhE1p9oSsWNMm', 1, 1569310387, 0),
(76, '4', 'L', 1569310311, 'HM7075IkcmhBXultpq7MEbNeLF0FI9U8qmVPvkOr5e9LgRQPDFgnhN1KRjYzzQPEs6KuArzxBSZAZkSGRhDFHcG7BxCZpQV0KtL3', 1, 1569310322, 0),
(77, '2', 'Shubham', 1569310319, 'yT1HcXvHaQLob9UQPJydHpAAm1scVjYlj28EWBZtIlqVLI3y97SSfjgDZo03GHjOi6TK5jgkGqwD1vb1TZNPEAZcFSI8tJh9cnTO', 1, 1569310343, 0),
(78, '2', 'Yadav', 1569310319, 'x4Lb4xK4KULynsUV7PRPAEkYunGAi6ELgSTd9FcEanVMvxCJeoAyIZyFRr7GmngchLO5Kb2Z8ERH5C4WZs55YUosa31iS8NQOsHP', 1, 1569310323, 0),
(79, '2', 'Oomeir', 1569310321, 'WIYx422mP5wx3zPSZNJIDxCBPptl9Qsb5SZuETxd3RNbf45G6MkxeGIZljY32kaShEl6hIjZTaTd8PMwJ8gYWN7QrRYMVSxTYoaD', 1, 1569310321, 0),
(80, '2', 'Spencer', 1569310342, '6XBzMsWj1HnV3aCiosMeOub8QM5rpEzRsmZhHjd83FVOTePrnd5wxEELWbFMLiZD15ucN9ZnCsH1efs8Px5V5g6RKJkNaioGHjaH', 1, 1569310342, 0),
(81, '2', 'Spencer', 1569310342, 'n5iPTFWpLUj0dE2XwTb0cFLYp6wt4JVHH5FdiaJSEXDAv3lRDH1gE8o1iwcZfkGS7uHEZ5NfS2XUPLXdQXM9fp2hsVKzGqqYr6Xb', 1, 1569310342, 0),
(82, '2', 'Spencer', 1569310344, 'LrevJL6k9sZF8SY8yuwl1McPje57s7gFwQAM5bAQ7q8U8cpcm2DYrzvQYQJ8XaMP8LEiPg7IJepHs1MPe5QzcCtAcxPWMaDhY81A', 1, 1569310344, 0),
(83, '2', 'Spencer', 1569310344, 'mryB9WOWPgRjrAToVW0pma3LnEobTFM2TkW6KuOIojbG0zo1mdKh9gIy0dosM22YwX0Io5odB6SoI5EB9c5JjS5N8BqcPGt9iRTp', 1, 1569310349, 0),
(84, '2', 'Anwuli', 1569310347, 'lqz4UhrZ1JdUXQp5mAPiqy1rlKQUxrEOK3dDGc887pB4MaJlZs9gmW636Xar5Qvx1Ur0xAURlgsqMMzPIPqRs4wsBXyF4lOQslgr', 1, 1569310389, 0),
(85, '2', 'Brayen', 1569310372, 't1cWbsit8XlwyTDf3QPSy749NkZXQ4TnS7cE69EwzFFH7qMYObKQSB63oyRdrR5blJDkyQg0A16QdtBgcCWtdtROTm7P5XTp4pnq', 1, 1569310372, 0),
(86, '6', 'Hakim', 1569310383, 'Fvw0454FIk8J84QJ8qitvHtet7hm6YSMHtvsQJiNcsSBG7ptwasxW8XrMGjUqcx0wdelSuWfiXyarkUG2GzzA4lFjqVjc65BsnNR', 1, 1569310396, 0),
(87, '4', 'Chalisha', 1569310407, 'MRPdlJrE39ZySM63CiHgCyF8vagcpcIdNQh0WTjNS8GGqxZHUiLRL5cSoclX4v7S66FBN21o03a1L9uedY8YeiA13FTVyIDCNpEU', 1, 1569310407, 0),
(88, '1', 'Black River', 1569310457, 'ZV4avJPFf09J0pVfxpUBAaA7x9nPNCge0BvfFupYv0B1U9ggLDZ1vsWPmwzSfFEUMoN9ZoOZq7yrz0NBpGAl5GY8tjkLxj8SxOnL', 1, 1569310457, 0),
(89, '1', 'Black River', 1569310458, 'Xeh3tXPHk78eqgsGtElhLWWMUxUTwORknmJWyLOW72T70Q8ErvYDk4dBfCNfPpLdJSpTIonwgtLgSXK89fn8jt1amYYT2kq1Zze0', 1, 1569310462, 0),
(90, '4', 'Chalisha', 1569310467, 'CilX2z9Pvp3IocwTu4Rra2WsQd36ZVQkGSeiN1Pg16hXg0XQ5pHMvwylFY6AdeGO1KxAEVPl4prqjLNHYmnQ9Dao1HhLB9sjlmmD', 1, 1569310504, 0),
(91, '6', 'Hakim', 1569310502, 'hFleHzeqC0DjSwexOD03AT0zCou7EtExonl9rMDsbjEzQEH8GsHLEVpV18lZszjHCGJdkMlCUF3v2ujpIUABFWgFwvlhYCekvbGy', 1, 1569310506, 0),
(92, '1', 'Black river', 1569310503, 'hxMLyvdhpOAhIaK7JUNNP6bb9HVnNIikLfjXWYYbVjw0c3q6lc6WQWHwRuO848YjvFHyPti0SsQijHV883zo2zAhpw47BlNzTid5', 1, 1569310507, 0),
(93, '9', 'Dev', 1569310508, 'h1WVBkbNLGYHFboCEy930QUOIdvctlaYO2NnvA4WGEVg7zKASHlqJsVaZg6ovQUY3Wf0uwq9KfPr2OB2SUANwPVLUfSvicHM4OPH', 1, 1569310508, 0),
(94, '2', 'Farid', 1569310519, 'Dh1F8cLObQ1xCPl78gT31XHBr1d3N3pXr6cfIOYAZfKBkgcKWlCboFg49elTW4rgI8mr7de1z6GkTYSnxVVEMttHJD64qaJkdLZX', 1, 1569310519, 0),
(95, '2', 'Farid', 1569310521, '3KX50Pbxxv7o4pDqm4s2Y6qVbdzTl5UPPoP4b4bI7xzipXvrCCWRdwDAFNuIWP9LQ1dnaJSL2TpGIhO69hwnp1GJOuWOu19iwk34', 1, 1569310521, 0),
(96, '2', 'Farid', 1569310523, 'l5ZBb7OZoSbYnElKEjUPrkDvek7nJRZRrDuQqw8pjHMgEE6zvqChZuZmUjBRnJwY2mo5CQCRWvHPawDPjwAqEeyblBp2NlPbyTw0', 1, 1569310523, 0),
(97, '2', 'Farid', 1569310523, 'gom2l1WX7KaCDkZHF0QEmoC0yNJ6OEW1vWvtyeeZXVNJv0KrL3TE6LzsnBPJbvh8auHsCsf3wDKISaDUVSZAokYUv7JtZqry55tW', 1, 1569310523, 0),
(98, '2', 'Shane', 1569310527, 'gxKExejvMnymsJICtJDPKkH7KJkrZqrjDTgqwJAf3nXic17JdV5qFkzXZPASjnZSIh4rmnkoU2GHonxrwwvEir1XQPen6DpsVYq8', 1, 1569310527, 0),
(99, '7', 'Fifu', 1569310543, 'sE7VFnuRXuQxbTfFDsJDBJ5tYZwgyDWZkvRlXidlbdkq8hYrfWbUnSdhMcty6mL3V2DmOhgMk3TaGvLuq00mpJymG1vfXNEM1dyh', 1, 1569310543, 0),
(100, '7', 'Fifu', 1569310544, 'ftXwhFdeAUAJivgKEyQXU9TmmT2dCc0lfxLs5cGhclNzIiyjjDxffWkoBLLHY6B9ZOTryPA5ilXrHnFtgInTq6h4rxd9snrblfhZ', 1, 1569310544, 0),
(101, '3', 'N', 1569310550, 'mirlg6BwpLrDpWlHGIRO4ObIpAoo04qq6vHtXeZIrudSvjZxqWlSfKHpHSViqdWvaAQ1ur7dxZRBogUtwr5cdVgjVX0s7azxvgLN', 1, 1569310550, 0),
(102, '9', 'Morgane', 1569310575, 'hnx6X5UunTUsvxF5zc1DAZ4Qk0ooPg7fY2j0QPqqxspMX9g8OBbyJaRfVrlYJ8RLlK8DjMS1u2XKmW2WF9k4RSRNbyIi3r6ej4Xh', 1, 1569310575, 0),
(103, '4', 'Chalisha ', 1569310579, 'Uh65h9OvqExlQQhHzOJoSj6uk4Ei1lttSZWR5O5hva8JPV5r1iyRAsBOWkLxNNEXdm8DHA4loXyDKEE9vW497e6xyBTusvwEgBqx', 1, 1569310579, 0),
(104, '4', 'Lena', 1569310584, 'QBAyVhhzVd8ueAHxpMorWhpt01ca2LDCNDUqOrk5A6iCX7p7bDbmegZF0tPE0a9TEw56DEm5yMtym6CTpnBktb2lJ56HScf16VCo', 1, 1569310584, 0),
(105, '9', 'NB995', 1569310587, '3EYRRZ3yccgg4qlA4f2SibyxpiQKiOoD8bkDV84JUdfcxiXUtY6pdQZBaiuMzSIs14wLn001FdV8uvb8WczL9KFz0bpQAtnT87tE', 1, 1569310587, 0),
(106, '9', 'NB995', 1569310590, 'Op7QjhOOrwdjCVbaLKhcgI7UWbxwPAdNPwyIQliVjtijHxOPuIv19fBaoLFExQcuIHmnbKwubFcf1PVatBlUS3U2KFFy3ATEePmu', 1, 1569310590, 0),
(107, '9', 'Dev', 1569310640, 'jzbKttDgLKSqk7ysyXNWObGI3hOVHAo3SNo5CyFaJMbaudKiqvKAnFDnVqMpv70ZdpdIFJjuGDNvxZHqukn9giaIZf097SYv8IHw', 1, 1569310640, 0),
(108, '2', 'Brayen', 1569310643, 'ao05oXqcO2yooeBfRGrMbBCFNwmF8SJVLlwPO1CUvAWrQ5EoNL8yCyjM1Kgb2N4FA2yRY4b8WAt0FjZxzszxAY3kPm5dHzwEz3Ep', 1, 1569310643, 0),
(109, '7', 'Kyle', 1569310647, '8usaK77HuJA8QShBNO7xVavrN7FQP5BKYzoeK35BnR7h9aTXoX7mKJBI0JEfUjEkWM5JBTlL11anWL9ouMcwBNxEZ8LG87kKTWn0', 1, 1569310647, 0),
(110, '7', 'Fifu', 1569310675, 'PXbdzJk4Ls25040ZeAT1kjuTj0JexFHC6KJTrm12LwpsKBgLtJF6ch7pOVX9e1Mc8ZkAvXdOyA7eMFakuHbBbQR4HFCYdoNTm6dr', 1, 1569310675, 0),
(111, '4', 'Lena', 1569310683, 'SVqBzCghkj4AkL2OBnIeiNxX0v6v6iPZ5QjVrundROgZb5M5q8JLeLPdOJJ6isV1JfRID6Q3mrCdeE8pcziDS2OJ68eJJwZskkKL', 1, 1569310683, 0),
(112, '6', 'Hakim', 1569310700, 'vWM1vWHoLwqz48LQKrn61E8Dsufc81MPA2ZUrLWw4Nwsgl1bF1kf3ChzuXEAuxDndFaa0qHX1fcqmgVWT9UhRkHr7LMbs5fTotvO', 1, 1569310700, 0),
(113, '2', 'Anwuli', 1569310705, '0VgLI45mMqr9fWaVC2TAyFWSoRwFm9adScTldoZgXqJjPP9WjPHI3WwGnybThBzQZ8imTrTRKvQCwpr2No0eFADeTuOZa9TXdFW1', 1, 1569310705, 0),
(114, '4', 'Chalisha ', 1569310733, 'TqE2ZtEgWpzzYKXW2uUM3m30pLNJR6DbJuYP58dVL7plck4AQL7Z6336kzVxaCAt8F0hfzTuLaEHCiqUEnVPE2D25wcLFUKmpH4o', 1, 1569310733, 0),
(115, '2', 'Shane', 1569310753, 'qOhYFAKycSMtiPCepZbG6E0AlATwCdQtc7XcgljLVCyvA2hvpAuX7e1VD821aGWhs5tdP4sw24RK76J8W2STN8JBbQO07f4UJ7SR', 1, 1569310753, 0),
(116, '8', 'Rdr', 1569310765, 'yIX4bWyEw7mzGwDD4fNlj9bAa889i6HJCJrAvlj2Q9GIZqDGnNyjg5snqVmsWP1IZ34esotft9ZV99Hy1lX9nCej5iwjg4kWjvCI', 1, 1569310765, 0),
(117, '4', 'Lena', 1569310766, 'uMf4dpc3DNUhmoK9hjqcQdEXSylbueEXE8Ip5WlPe0t4YUVnLgj16Kab3S7IuwEpQCJwFsR8TIj01HV41jrEE38dLHx1BLKbjdkc', 1, 1569310766, 0),
(118, '8', 'Rdr', 1569310767, 'lfIuavtgweawspU90XM9TcqqPdztANvMUqFyzsXhLmjsVWpVi7yM2ldVLaFrWQM69517VQQdLwqcCwrKiCjX71LsJzngbsDQ0dv9', 1, 1569310767, 0),
(119, '2', 'Brayen', 1569310777, 'dY1vM8tIHBB5vCvjPrpRICAzzO67gqgd2gpiKHhYnqPQkW1EGpWS9Uibr7rmgvvEJDeq7kUPHtQuaMiIFnX2tHtXtkPdZZIw0DeP', 1, 1569310777, 0),
(120, '3', 'Kiyahs', 1569310796, 'x2Diy7yrXk3Dw4SmBwVDMpoZAqJubfGIodsZUxHHJ8j97LqjhdlBWdYGhYMDDz5YbM9MWPrrur7TDE35og0TyeTepaQmWEfuEpKM', 1, 1569310796, 0),
(121, '3', 'Kiyahs', 1569310797, 'Atiey1K5X5aZI6eP0ou331QlQhuJtxL7tF03iAV9m4TsTgM4ckjz4LFbOeavHL8cunXX3ymASVUnqr1DdsfNUOXIKdv6BuyilpV0', 1, 1569310797, 0),
(122, '7', 'Fifu', 1569310800, 'pmTmnDAjvqWvDYGkZEdNbhYagUkETUObx4FgMQ6lGIlgLgMJB6wOlOkifmnNwHS579VweFnrlJSPBlxIwBV5cHfpYViv1htEooSN', 1, 1569310800, 0),
(123, '2', 'Anwuli', 1569310813, 'LxZjGU6NeFhQ8RKKqbfptwAWPCfvz9jwwFsQpupGK1nSTyAH7ulkUY9qxEQtepI3zDXyRIy27ymRN7ll0Z4l2U7sjGnZ8ZXCNvyn', 1, 1569310813, 0),
(124, '4', 'Lena', 1569310820, 'bfWepFtQ3I1gaszRDqFwDfZ2m4k2SpGx5RWkerI2NpWIOSrcVw1dprYXe2LEmNxsjZNqCGBbfskJznXQAFEG00A4uTxFoWp0ksfx', 1, 1569310820, 0),
(125, '7', 'Kyle', 1569310824, 'FK3z2GE0z2rKuFmg6P5lack6gYxYrp1YPT6dwT8jS08Si1pWmtxjcvuuRwFOEs7GvtFOk4zqfGZnswTlZ4dfDpnZhc06Q3H5aAh8', 1, 1569310824, 0),
(126, '3', 'Kiyahs', 1569310847, 'ZfEl0xWiqplpG1nihOqZLyvmEbnt2bj0kQ4Cal402dMHMpRKEZf0Uk8zx307VE4ZuaAzCg4pp6BA7WlrE0GjL2zO9hnkgBn3SEK6', 1, 1569310847, 0),
(127, '4', 'Lena', 1569310864, 'HvJmQobsHrvV4n3siZUaOsU1jhzGXtJrGscDGxUfNiDavmo3ARVGgozvfJ92MCiFXjK4y1sa9DP9ku8I1l9rydCku0TGplQp8Ow8', 1, 1569310864, 0),
(128, '4', 'Chalisha', 1569310871, '98OQPqzwE1lraRTakYpMNLu4Cz8CPAHtSeqrEHmrm5JPXQ9qJeBluTrrnJAKFkYyMCntoMV2yG16mgMuCULgmDNLVFvR07hv85qj', 1, 1569310871, 0),
(129, '8', 'Paul', 1569310876, '1agCb4NuGU5eaa5kHgVBmzd3ZQhHYR2uWKiYAIJst5YNkx9831lyVlgQ7NcS1VKuduZq1St1PDCh6S4RiPnEooHPa2iHxg8l3Oo8', 1, 1569310876, 0),
(130, '7', 'Kyle', 1569310879, 'VHhv3AVKPJ7z6yehs4Y9gCL1oTIQ15cFZr6vQL30DbMOk3Q6auGELZJ8HvKRDFBI3U4KAABkuiw3evfoTtNwoIhWlqEWRcSdLVK9', 1, 1569310879, 0),
(131, '9', 'Morgane', 1569310885, 'hGNu37MgqiBXncKrhtA6zj8ALJbhyWCkST9Hr2yzGMdCzFIIgFzLjkwZIpYxAvRyYgxu2bmfWbumIYluxvppOs3tMIOJdXcznWpB', 1, 1569310885, 0),
(132, '4', 'Lena', 1569310919, 'aNZYBjeqKjLTJ4olbckcCX7AvllgpxBfP1hTUpClD6km0l4qAmUHN9EkWebLEeZS2BiF4S0gk2TRnZrLsHnAlTYiLR9jeGVW9Hw9', 1, 1569310919, 0),
(133, '3', 'Liyash', 1569310922, 'FD10PVhHY2OhQxxzgzKvlEb8GUYgfRnLc8KMLOT1E9JoWMbyd7AMUZFVAbgrZjNh6eEKYPvkOMq1XXphJOSOuaKza8x5gJL41AXc', 1, 1569310922, 0),
(134, '2', 'Oomeir', 1569310926, '1wakLFqGOc4a51mctZy2S2iNDMuJXThalp9xjAWxkEAkI4AVnONvCropJGJpa7D0BGstOaY5LIFlIo7g2gFMkpXqqusp1ofil1fB', 1, 1569310926, 0),
(135, '9', 'Morgane', 1569310962, 'xmpVat1mtXwz4RuLVZFSqZsbknvjASsutA9vwb8tJaU7F8t0C5tdqQgFeiNqXmRD8QDnD0WFs5jRcvdzx5ZjZQ53f1hy0pdyR557', 1, 1569310962, 0),
(136, '2', 'Shane', 1569310991, 'dUfahwHFJ1XxMPCboujxjGWUwx9azEQRkep9fGFsTk4fnqymxRSBg3ccY4oy3DgqoiHq2oGmm4vuUzW3UQ4jsltkTPOR4CdFlocC', 1, 1569310991, 0),
(137, '8', 'Leon', 1569310994, 'K6fvN49nfyB7lp3Y85TbQSr2Qz8gUmayKhCi1esxxCg2fuTXvR9ztOa4OszrycSaYB0U8Y6oA2G2qtmNoCFn3rMCxvitCJ3WlWD6', 1, 1569310994, 0),
(138, '3', 'N', 1569310998, 'isoU3eVsaCdjLb21aAGxOSGGoxnluADxAUqrrz4ub1tAyEjBGuQRMQ7Lvh9FgY9swosTbGswTTqhZaPfluWv3eQrFg79c63jo8ow', 1, 1569310998, 0),
(139, '3', 'Kiyas', 1569311004, 'hPxZVcS1sF1CBMBPKYNjUppBB7MO2rF6mFmi4H2BoLhFN2vtt3UUFCWouKcDzLji6SYk3XPGKkF6PMYHsOONAz7QmbXSFKKiT6aP', 1, 1569311004, 0),
(140, '3', 'S', 1569311028, 'qC93S8AV4kdU1OiVs8rQFbRVegCQmm8yBMLyS3znlip3R9HOWB16n3cVxZ7qEmJ0xnZ8OL8nH5I7sKc1GRkRRTdEaHtKVPxl4Ts1', 1, 1569311028, 0),
(141, '4', 'Lena', 1569311034, '7OeA29LzekcARzx2jCGU99g6PUsVrBOaMtaQReVtT4Fon6zMXatWWrc996XOctiVv4fz3U8pnqjJ6I7MgolhJqrYqRzcD9KyqQ4R', 1, 1569311034, 0),
(142, '2', 'Shane', 1569311049, 'pEN0p3qHWm1tIpjHaYGTGnCjaymiOyiy94JHcCZR8yhBZEd4x4m4Y7Gz9NgIKZwJVccztj5OL12RrBEH6H7CohLfXUglU2BKBgAH', 1, 1569311049, 0),
(143, '2', 'Oomeir', 1569311050, 'yVFFi15uGU1y53uvah6dnXsHHS9gR8sU3VNZOWxGTAxMssqKbrYSkit8Vs1IgTE15dDxwB0xUGZPCWvw3u0vCLXDrqBXJ8WUZad8', 1, 1569311050, 0),
(144, '2', 'Oomeir', 1569311050, 'ArGOdWF2FMU7DFNtJBzJomYxQzYRMIHRr5spUUDUvMpQqgl2o8GbPpfgTobh4XZTDqpBLRUwfuxtXViEP7VQ0pXVFlSMpUU0W5pk', 1, 1569311050, 0),
(145, '3', 'Kiyash', 1569311067, 'L7YnzUie2wSz7EgvJhvfSlE3RLR3AvsriRLrfQnbyLna72JypCwma3aZ1RHuHgQj0IUANKjJWoNFrqnpxBpgnu3hsbcfwWBe6cX6', 1, 1569311067, 0),
(146, '4', 'Chalisha', 1569311077, 'fcCajWhq37Z4SmJGwKVN76VCtuJV1PjN1oUw2uM77WOcv8dVWrQnHlKH8xdLLOWLabVzg6foLFhYGKwjSEdSMKRBZiB3fhXMJRmm', 1, 1569311077, 0),
(147, '4', 'Lena', 1569311104, 'fCoUiQgjN7W4EW0mIzhrehdSI7BWB4ITrcpXZ61ZTrHMkAKbiw6OiS0nIFHI9VqXQv9FywOxYZmmOoKAdbmcMBinHTSv2Ie28Vqg', 1, 1569311104, 0),
(148, '9', 'SB2613', 1569311118, 'wJbBx4y7YYrRGUxlsETNjFC8aMADGf5HwqmzemwcghbhmiEKHMBZvUwindTryyrkwjCLjoAknM3I1DcXUlpQPgG2ZVAxwys8Pcad', 1, 1569311118, 0),
(149, '2', 'Anwuli', 1569311127, 'Gpm2Yp9m8sB0Pdm1MU9lNh3cu1VByenHcwa7H272v3Kq18Ec3sXYdm1FWgTHUg2SrQ53iAjIFZfr4AIsSwlNN8lExdaTnbBojHEh', 1, 1569311127, 0),
(150, '3', 'S', 1569311154, '9XwlD9AcpKynAWhfdDp2Kh1iq4Dsuc7XHuUIdAOhxFiFC3RZFkXBSLUXhrOr1PDa1dGT8EcTSh9YxsKn8imJnpc9rbUAteGhJAlT', 1, 1569311154, 0),
(151, '2', 'Brayen', 1569311163, 'GoxNoRRAn29C7TkWwtmq8Bptg2go2ueLoaExcPHCxXupa84qq0Z56I6hkkm0aZHxTEK5QO8SLxCBMitGJlZT9eLXhlx0D3ai6I0Q', 1, 1569311163, 0),
(152, '2', 'Oomeir', 1569311177, 'XVnmT2DWTLVhYuOV8eZqELUnYXKG7XlzkLQyC0Ormbsu5YMQJG2ZD6MjJCGlkm5MgV2s52EbQQsGG3OhAOzMYvnSeMSMwKP1Q2jB', 1, 1569311177, 0),
(153, '2', 'Shane', 1569311190, 'oWCJOzqeJoxx9zHiUzK7yp4iSESV2IbrZmPbxlk8EVoKbB28Qw0deJ27ltwbad2jxEnmlnMn0H67CIoKJpFh2VPMPmsc7jicvGKC', 1, 1569311190, 0),
(154, '4', 'Chalisha', 1569311192, 'otR17ULWrUp0UK4C3m581phPZZV5Qb8yLdaiiW47kBkBuXzMxmYE8LVwuLzdzkJsbHEtRPtZa0X67lgOc9wgO8ceqV0W8egjEj93', 1, 1569311192, 0),
(155, '3', 'Kiyash', 1569311228, 'DuWHh3rgsJcrUPjIDsY3Ig2dyqf1JU3dlvegwCBKyOxojgQGb9wxOcuW46L2rMtWb0dX33LlU47kN774bcIlsETdIkM3lcH9Aw2o', 1, 1569311228, 0),
(156, '4', 'Lena', 1569311229, 'fqHTrwWR9MPML7sTO7vvebqOYPPtiGMAnlcHyqlNxtbRt0EdoZ85utKvQo0ifIGnAP0daGIcI9N5X6mDTte2eJ3vmtPOLsCTcSEI', 1, 1569311229, 0),
(157, '3', 'S', 1569311230, 'SvvgQ4SCeKEERhWE5F6TVDwe0lnkk9ZzeKNz7A3hkn97tmNEvE1y691SbfkTXyrXz4SLRkiEf5pNUtSXPkgB7kWFcBR7lQQNUUTt', 1, 1569311230, 0),
(158, '2', 'Oomeir', 1569311269, 'AV8TY6f7AvMCdz3uiEmFuAmlqhiHCTRKCSWDHAaeo6HZrUPkeY7dBigU14E6f8OZ4gRPcnhJZFpkdOgTPCErKfvFLyS7g7tgPnjK', 1, 1569311269, 0),
(159, '2', 'Fola', 1569311293, 'tEjvk0QIDVK7ORoaEjPdcvMSw3IxSYSADaTdKKcNeiuARAiJxeELua2vWT0Mhh59qIhmd0J0eXgTOow92dJM8QzC29tjwktAG5aG', 1, 1569311293, 0),
(160, '2', 'Oomeir', 1569311303, 'fuOYzeVS1ZDNSizbXV5YEhIacUadzladE4lO9y9aUZhdjggXsGtMdRkHW8uF2P4xkZJ3JGoz6QYDLyHs2FVeMyGV4lIOSZsLphqV', 1, 1569311303, 0),
(161, '3', 'Kiyash', 1569311317, 'xo2ck1GKKGYu1mE4I9vmQobMdGMYyrQLawnboCYq18nVkI6VJJbK3gfXabVnDqaH8Yw60E2uyyzHrQoqVo3HgHbnELhx5Y70VJdY', 1, 1569311317, 0),
(162, '9', 'Dev', 1569311317, 'z1V7qqA6mRfPNkmL9GiCVdoqXxPxuJ6M3apszKwexdChRtJ0sgWE7Fc0nnj2amdQc0mlkY4GIlsKXv7iUu5rDWZP3bucYc4ePupK', 1, 1569311317, 0),
(163, '9', 'Dev', 1569311321, 'HHQPAAfSVItD9bk9MC7guaW6FaC3x2Q2vHdML097qASYhAiNdTz6xcSQvTuL6DOlFITRJLKov8VpBO0WMISyEMxbarh3NzvxjAcQ', 1, 1569311321, 0),
(164, '2', 'Brayen', 1569311326, 'Ipak837uN5FYkNqHDnfsVNjzjYAsohPZ6XnuRMCRHhlusBCMHnzudJLEDDz4SuxFE5Hr0lZdxbFla1Lf2jXY7VH6P0ugvaTe38Nt', 1, 1569311326, 0),
(165, '2', 'Fola', 1569311330, 'lfTWemmkL4khegP677b8qHyijqgsyNTU5IYwxdSa3ecsQG3VfQ3Djgh8vrVkCvBgRuvoyImw39dNPIkFZAS1u4URfgxhBj58187O', 1, 1569311330, 0),
(166, '2', 'Fola', 1569311330, 'TqPu6VBj4H4SkKijQsFCqjrHAgYYgDDhoTNUVYS6mYkN92pJ7oHlxGlR1kgFssHEo13oKZ8XIiMn57xrnBBPkV6cVaU3ILUVQ43U', 1, 1569311330, 0),
(167, '3', 'S', 1569311331, 'E5batyeMMFe6KlpgHHacnLSSgF2o1P4rMSWOT2io4fLARu6WhYuO9QkFGADSotnm5UY3XWZoaK2bFCJENwjBNIExoJkcJHDYRTcW', 1, 1569311331, 0),
(168, '3', 'S', 1569311332, 'fMaxjFZdTCWHiesyorkSJCYRH5tDA4SxqjWJ5MotOlrc1EolohpyUX7d9zdPzRtVk8HrsP0iPTYyht0IstdIcshxubWY0GRA2cus', 1, 1569311332, 0),
(169, '4', 'Lena', 1569311342, 'j7q4NKVByDZkSddvaV2xm0ndll65DYNZfvE6ns34Rxs96NCY0Q4zvA9ROL0VyERW3TQ23D2pdF22fK1LMKzfsjHJlqZp4zK0Pfrb', 1, 1569311342, 0),
(170, '9', 'SB2613', 1569311368, 'REYKey5JaRk7Bucvy1Bdvby1DqQeBuZEnoQQccphquTgla7wqKZthXl6yV3PzoCVJKgTZCs9ZaCF7KnFufyhL61owBk7g6x6ai4D', 1, 1569311368, 0),
(171, '4', 'Chalisha', 1569311371, 'hupjk5DyaPqzqn7A2zUfbXASPMEh6z3kj8Kt280xooZiFx9oc8JwRC2f1BWHpftyaeq8PR50W1YWEZaNnV1HYYlKr4495lAyBNq1', 1, 1569311371, 0),
(172, '2', 'Brayen', 1569311380, 'WvyBU8kGfEEPbpnYdL1Y9v4DnyjkojA3f0qufgEuAGOQj0zZZzPCeO2Zt09jKxfxTOWGvZua6CggWMyR6oBMC0kn7bUE7x2b9jCY', 1, 1569311380, 0),
(173, '2', 'Fola', 1569311380, 'wPFKdF6x1q6GyZq1LsgFQfAtjMup7kuWJq14EExTWELWZyUzIvaHVSk0QwYChrs4oHkZT8t5QEKUCKA9BZC19WhBIUCH4eyBUGbf', 1, 1569311380, 0),
(174, '4', 'Lena', 1569311381, 'PvHDeNCjzjk8WUKMr91wfidGARmcmRL5SwmosX8ps1bfnDfGiAiltNtP3O2tCVLaUHpX6wZVKrWazom7SWkeMCabvwIFTVjG3ape', 1, 1569311381, 0),
(175, '9', 'MT1065', 1569311384, 'wSV4ajY25PHQja5VGwj2xmFXlBtELOXB1xDQuPK0mC0lJj7WrutjvD8G57m96svfNESUID8TEMNwSsTVU3FNPyC0zHYFDOleiCOg', 1, 1569311384, 0),
(176, '2', 'Anwuli', 1569311385, 'YxAEr5AFGvtKLgviWsnzr4ihArOHjCSXMSml9YFUuCU0y4jC2NyYHbxgUkBZdsvuKxnWk35yxJC1EXzt291VD0cBja7P4EB2zNVj', 1, 1569311385, 0),
(177, '2', 'Brayen', 1569311391, '0ky0iEiRkn2JLDFyrLDWL8KGqz7ZU8TeA0ITft5YqHkpILbwTPZI8qTUTYk77pOrLZfzDo6xuW7DMEgBUb9Z82wXLwsdEr1WkXoz', 1, 1569311391, 0),
(178, '3', 'N', 1569311396, '5SFzSBlYN0n7dVxLRi9tPQQ0Eai0fcUL2CZRVdovoaw91euio4aKgRvvEVQjSkQ0gaQONZDVE2ThmM1B78NRNhe3e6WtkNelwiAm', 1, 1569311396, 0),
(179, '3', 'S', 1569311405, 'o9mrXdlPjD0Dlzdodci0PRonXvZDFLGIAleb3SE93XtkVTrrP2fFw4LPxgNO18dGsgq2NFzmYi9vUyrwKgv5ET3Lnv5VUE1oqECY', 1, 1569311405, 0),
(180, '2', 'Brayen', 1569311408, 'Nhy1JfzVBO8RYsQbFDndoYjfCuchqjXFZ4afE5fhlnBhzOnhtKQ56It9j4wC3duPpy10ylZPdiRjmhDeBg7L0CAPvGLK31SbXKRr', 1, 1569311408, 0),
(181, '9', 'VC360', 1569311425, 'UtzvO6n6K7sbbZP2lGvGcdZdRVDb5ZVYYIfS0YvO2JeHlMXm449pUkVMSwmkx6JKH4kMfjcCpQpePuxCMZUZbErd4PdjEoUjDC22', 1, 1569311425, 0),
(182, '2', 'Brayen', 1569311429, 'azUzkFioz86yevrk4k7OTaeyq5FV9nlmzsCC9ePod0575kBZVndEvD2wrbnyTcf71hYZs2l4FP7REweUlC5rYhD1ibQf90x41I05', 1, 1569311429, 0),
(183, '2', 'Brayen', 1569311431, 'TcfIhADibznu2wrMlRXrgDfb4uN64GJhBx7T6MfPD9dvCUIiZr1S0kUH0CtewileEhFMYraRHkZXeXcok1BvESbTkjAelfS01bWZ', 1, 1569311431, 0),
(184, '3', 'S', 1569311500, 'DqOORZIfaBBTIMaY1xFFghOPQIGxZ13yMT18W04yuyoFf8mE5QuPCWyLr2reA9BEGLYTiO3zTwd4arOReFcCa38Kt95AwvdRoZDG', 1, 1569311500, 0),
(185, '4', 'Chalisha ', 1569311504, 'erH3QMxhOOy7vCcVxrwMJXwMeXcPXHUCprDBPZ23YDe4WCWXWOIMZ6W2m0Oy6CUD7IJNV2brFVbSKhjlYvuKMVBv1EMLEEVCcOtf', 1, 1569311504, 0),
(186, '3', 'Kiyash', 1569311505, 'OJ4g8nMnoASS6J9GWlNIuzM7siA4PvGDkQgUK2UWno2SqXunmAg7eecfrz87q4VjcSpno5s07X4lxaIaWaDJkblmkTzCC6LC7n0J', 1, 1569311505, 0),
(187, '4', 'Lena', 1569311527, 'Jgf5547SzujXNm7AW0vLVW9t72r0yeFN5j8bZ59eeeew1dscKZhc1aDzaqh8p9w1ijk7Pi3cd3UfUkDJV1TB09ODT1TNBm4oQte5', 1, 1569311527, 0),
(188, '2', 'Fola', 1569311568, '9SG6Hmd75HpwXhidxtaZbuUL7F01JSPqGBePEMyqnfzvtyqv1A8dCY9q1Hwgx8feIf45QoZA8dC7OpcXZFDaXsEHBUh151FJjSny', 1, 1569311568, 0),
(189, '4', 'Chalisha ', 1569311570, 'Uk7misjw3blPlEC7qxW2q46l9CqL7QGBqnMcCEfrVyjj4GatMxoTpsZdEq1KpFuBMfFm818iL0bnq5ICTp9Gwjpa2CRw47ntU0RK', 1, 1569311570, 0),
(190, '2', 'Brayen', 1569311572, 'cXgiWczhxKKQO0SHQ3QO1fKxBJu2Z4O5G6gpcOFpC5cRFlgiNdRxoNiD7sIa5fsN4PdFdb31CrAEOp3IGqvWwcj4PGsJAiyuYGfV', 1, 1569311572, 0),
(191, '2', 'Nabeel', 1569311591, 'K9BbWEjfWKAEARnYaHOnQKJDdDDrjkgs1To7x4dkjFFLO9PHJCgCHGRoIiaAsglo2FkPWZtfv0AJ9LcXgrywdQP3BQtsRbrjjZ1r', 1, 1569311591, 0),
(192, '4', 'Lena', 1569311591, 'RZYSKktffHPv13bkt3AHK8cu4OF2vDapTuY2yx4KJW33nqYZWrhNYfcysQfhEcAM60aJRM96S4VsWPvFP9AGFIctaEOr0ldutuUb', 1, 1569311591, 0),
(193, '9', 'Dev', 1569311604, 'cf9OeJWO3xm3UHZwYKdr40nyH9RVlSRFOTr7IKKDzH2EYWztsEsAC966jGTliav5DVORhINXwQDMhZlOzgJubTDXmaH0EA3LP8rz', 1, 1569311604, 0),
(194, '6', 'Hakim', 1569311664, '2kg8MFJxmTnYzunW51ZNhoI6KI0XiXcDq4W2VOunhgTRUil3xPSSSqw1ppQ5qTk2wIgwAUoHq60pEMjwevQdGSIR4NptAeo4kZea', 1, 1569311664, 0),
(195, '2', 'Fola', 1569311701, 'UzLototMUq72kZUVggDI09Tnt8TnfXKvpIHvuGmyMYCdDgEDvGI6j7R4VrrFuOLtS3xpxUUyKRr0jY5HSoZtZuDMq0DUJxK9rUVU', 1, 1569311701, 0),
(196, '9', 'Dev', 1569311702, '0IWq3KN4cXnUA8Y6Yid3zefiPxZ1pt9rpkwot8WBSOYG9O0csgOxh3nRQOlnydT9kBkXKi2NLfoSRJSIce2p1JBKGX1BxaoxjxMg', 1, 1569311702, 0),
(197, '9', 'SB2613', 1569311705, 'TZjU31urDPOkhw1VHMr6Af6AqZxJi4EPq0Tl6sWEwTE3TGAsF7ZohTBXC7ggpFgfBFAyneCd7usF6ElCafL4AnQG3zY9hh7lWUe9', 1, 1569311705, 0),
(198, '9', 'MT1065', 1569311716, 'Sd0aLbSHyOwDSwyRAgXj5kEKXm6jqOgEwX19dNWuHN8qgJHm9eUulfc6CFXh9JaIQGCEWJr4QziEHrA2NoQk5WH2lR730UuMmUVQ', 1, 1569311716, 0),
(199, '2', 'Brayen', 1569311726, 'yYL9cFTlrob6qbAGbbfDrlaaFRw3d4OkmvINWcHMMpZrKjl7Jw2vLXUL36wNUoSXkRSGHHiPtNpVHmji4xmf6gQDYRWGhiHxpUhn', 1, 1569311726, 0),
(200, '2', 'Oomeir', 1569311761, 'JNo1xTjBank19Vf41S0gw8WZr9cvtmM7OK069viXcv1waCFgPdxAKnpaGRfVF4WvieMzrfFy3JkED3yoGmHjuULq8jDre1RapzDO', 1, 1569311761, 0),
(201, '5', 'Shaukat', 1569311785, 'oaMChWiB8TSmIgc2GNtksWW3gR165w4wk8a7mfe2N8NfINZZA8o11sAUXqE6XDEp8RVXXBSMJTBygU47TQXE9zuoGdUcXLOwbG9W', 1, 1569311785, 0),
(202, '9', 'VC360', 1569311805, '5n1VtNxtFjz68IuPEMRxJmwShqO2IzpVUNx6QVJ9eBaM6zJVWjUGIJoP9LbULiGwNSRTmVWRaiBC9mnpgNEhKEXcUtTo8gkSvC8z', 1, 1569311805, 0),
(203, '6', 'Hakim', 1569311842, 'W4Ym8F2YXtrSXbqMZyCrKayjpoK8FAKyF5Vw3hTKBKJzr3xtU1QW772B6IeSDSNU0QS41OGJCmkluSiYIkssRXhSZ8n3pTYpkg4x', 1, 1569311842, 0),
(204, '9', 'Dev', 1569311892, 'hgVNGgTPFpoaUttg97X4sQWd0OOPJcb208M5AhLS9f1iVE9FlEYWmh0OnwgZg81U04cFJhvVPw7PJX6vrAlrRdW59c8sWMzShfXv', 1, 1569311892, 0),
(205, '3', 'Kiyash', 1569311903, 'HyKvgLOnsiD4GJvGRtPlBCtxCkcH8zcDXYvYafnEuqeE9A4X4e4D12UGlt9R6sI4SjXfLTHC8VPcRr3zBkRURfGaHgRzboQOiMgR', 1, 1569311903, 0),
(206, '6', 'Hakim', 1569311912, 'PSAGqy3xpYigdbRvJKmeIfIH2cp01TMbtx8seLpB4kR9r6NSDUZEx26g1IxGwaoqod8et1tGgvihzVFfMAbEpRQoDJAbFhUjEdUu', 1, 1569311912, 0),
(207, '2', 'Brayen', 1569311921, 'Er81zBKMKDvotDqFrB9p4i6DrIM5Dz9uVCM7SGzXAAAiHeeU3ADnKUqM1hSJKGZ4yiBc5EuKQ9J6prBjgQPlCXEKYwksgNQtMdtt', 1, 1569311921, 0),
(208, '9', 'MT1065', 1569311928, 'hG8RlZC5qWdnAjpR4KEHFxpP2DLojpWEX0R0OPlGilgQ8phuzYfjWjnlGNVBzkipOLRSczyWOluV9BOdBYdKV5egiTWhsZOf2jWO', 1, 1569311928, 0),
(209, '6', 'Hakim', 1569311960, 'OufVxKS3cDlUtcb7HEx0N1hEgCgFBrWC001dtkZ7YoTM2REbbxJIS6Gm92Xw1AIoFW9KAlvLtmdgGiVv0DNE2iOKMt6B2VdnJb1S', 1, 1569311960, 0),
(210, '2', 'Fola', 1569311969, 'JMOekiPrKK0vKpK60GCgOI3Pf0elbLEgsVIIYpfNGRVGU2cTt0jcqHATj05FJeM97XW0tCTKYodO22azjgoXG99edh69tIpLbNLV', 1, 1569311969, 0),
(211, '9', 'SB2613', 1569311976, 'hiY44tST2raneIroAkP4qkNvUvzLK5xzhnr0Mg1JB2GTtdpcIcp0IQKh6NEfbhf6Ku8olJX9aUaaNL3ii4oBUDyk93dAPROIc8fs', 1, 1569311976, 0),
(212, '4', 'Chalisha ', 1569312258, 'lzlNEL2JjYardC2VacW3Di9eVr1rhvjXPaSohRRHLc3elAt8JlGfWen0GDNnRkf3gF6QnH8YQP27Qu09p2aWC5WIPIczkfr7XH5W', 1, 1569312258, 0),
(213, '4', 'Chalisha ', 1569312359, 'ubGyaR5jmVr6kXaCMR81Wzxj7wCVCTP2kzVxbLZnV7tPwsFCByQlOL9dPBbiYdFDjZKyRTam4xHK6ITV6WIBbnQuivECETamXpYf', 1, 1569312359, 0),
(214, '6', 'Hakim', 1569312397, 'KttFmBJU1UNZETJbuOT6f0N8Pb5LOrU554vPmoI9U6iE9R3NOnCz1EeZ0KchAPgjiY9Oy3tGSgBeYBjyTTKQn0Fvb92L1lYtQcop', 1, 1569312397, 0),
(215, '7', 'Fifu', 1569312475, 'C1FvRSJus4wTrdoqJNNOZ4B0hwSmBc6WCIE0hwRLKf8MnSx632eU8aNS9oXJWJ7izwi1MCvBAo93LwzSlzf2GRfYHkb7UK6ksjXk', 1, 1569312475, 0),
(216, '8', 'Paul', 1569312793, 'pmyBVH8NUiQTJ6JpAaM6gFbKZJdNMfYWXOqagyjcZhBBZND2rlnKlbk5JrURK0hkB1MgTenYvmJgtKJuysBE9TtLpgtoLZn8pVOj', 1, 1569312793, 0),
(217, '3', 'N', 1569322193, 'JMi2EcC890xW5qpabOsMi9x9xaxdhIU6FJGNzrqDV6fPPt8wUtyVZLWWCC5G0MVeDkJdPwJtIBXUNgzAvrVHfsLLqlfrWVacNlaU', 1, 1569322193, 0),
(218, '7', 'Zainab', 1569329892, 'gvGHSvw5AZ8brq3EhCRp9zJFRR58UpoZoQeJGmmbgAO9A7nzNXlJJyLkMu2VevPrBpQlXyoM2sSYqAHGxhki1TbLXFB8bgX48Jzy', 1, 1569329892, 0),
(219, '2', 'Oomeir ', 1569402620, 'Y5HFyu49ATfeuxlvLMYIgKG9wyVsAmSIbyUkf7RvpYSgT7FqPFJanYHDB5WukXDt5SAO49G53r1zO39fWN47RAtGNGQXXEYcZpvm', 1, 1569402620, 0);

--
-- Indexes for dumped tables
--

--
-- Indexes for table `equation`
--
ALTER TABLE `equation`
  ADD PRIMARY KEY (`id`);

--
-- Indexes for table `image`
--
ALTER TABLE `image`
  ADD PRIMARY KEY (`id`);

--
-- Indexes for table `stage`
--
ALTER TABLE `stage`
  ADD PRIMARY KEY (`id`);

--
-- Indexes for table `stageorder`
--
ALTER TABLE `stageorder`
  ADD PRIMARY KEY (`id`);

--
-- Indexes for table `team`
--
ALTER TABLE `team`
  ADD PRIMARY KEY (`id`);

--
-- Indexes for table `user`
--
ALTER TABLE `user`
  ADD PRIMARY KEY (`id`);

--
-- AUTO_INCREMENT for dumped tables
--

--
-- AUTO_INCREMENT for table `equation`
--
ALTER TABLE `equation`
  MODIFY `id` int(11) NOT NULL AUTO_INCREMENT, AUTO_INCREMENT=13;

--
-- AUTO_INCREMENT for table `image`
--
ALTER TABLE `image`
  MODIFY `id` int(11) NOT NULL AUTO_INCREMENT, AUTO_INCREMENT=14;

--
-- AUTO_INCREMENT for table `stage`
--
ALTER TABLE `stage`
  MODIFY `id` int(11) NOT NULL AUTO_INCREMENT, AUTO_INCREMENT=11;

--
-- AUTO_INCREMENT for table `stageorder`
--
ALTER TABLE `stageorder`
  MODIFY `id` int(11) NOT NULL AUTO_INCREMENT, AUTO_INCREMENT=361;

--
-- AUTO_INCREMENT for table `team`
--
ALTER TABLE `team`
  MODIFY `id` int(11) NOT NULL AUTO_INCREMENT, AUTO_INCREMENT=11;

--
-- AUTO_INCREMENT for table `user`
--
ALTER TABLE `user`
  MODIFY `id` int(11) NOT NULL AUTO_INCREMENT, AUTO_INCREMENT=220;
COMMIT;

/*!40101 SET CHARACTER_SET_CLIENT=@OLD_CHARACTER_SET_CLIENT */;
/*!40101 SET CHARACTER_SET_RESULTS=@OLD_CHARACTER_SET_RESULTS */;
/*!40101 SET COLLATION_CONNECTION=@OLD_COLLATION_CONNECTION */;
